id,filename,file_hash,imported_at,rows_total,rows_accepted,rows_rejected
301,cdrsupload_20250721_070001.csv,0e9705d4f8ded0adbf9a5aad0bb8cba86d7655412e00a971292317575d2e6cd7,2026-04-02 08:04:42.246666,11,11,0
302,cdrsupload_20250722_070001.csv,b73fcd5dbecb204e246f06c213b65b0051bfc9b3e89b7632bccd7531e2bfd45e,2026-04-02 08:04:42.842794,463,463,0
303,cdrsupload_20250723_070001.csv,729aa51e40cb0752cc4209d0949e1ab7dd3258a76dc6ce34fc93d9b5ae71fcda,2026-04-02 08:04:43.488492,613,613,0
304,cdrsupload_20250724_070002.csv,761953c6f5ba4a6da03c3a04fb67724e66cd6abda3635b2f83a6616675514d07,2026-04-02 08:04:44.132548,551,551,0
305,cdrsupload_20250725_070002.csv,d8125edacfd8b03bfa085d259c43fb24023cf99bed36816d78a52d7bad7f8816,2026-04-02 08:04:44.849254,523,523,0
306,cdrsupload_20250726_070001.csv,19b7464367fbf101c26f77b31961c756b065847b3da796cad73f7bddf8c7e32f,2026-04-02 08:04:45.552224,590,590,0
307,cdrsupload_20250727_070001.csv,e01afb63c88f75efa31eeabe50deea3fa203a187af4a8e7bc9c8397c9d11d985,2026-04-02 08:04:46.137494,28,28,0
308,cdrsupload_20250728_070001.csv,fd4eee052a64be0b50d7985f82d8090e0f9f3534ac0150a9e91c0e463de89d74,2026-04-02 08:04:46.907354,6,6,0
309,cdrsupload_20250729_070002.csv,9e6e98b141318638ce705190003e7b912739bf623e4d041e9393d541131705ad,2026-04-02 08:04:47.522804,648,648,0
310,cdrsupload_20250730_070001.csv,31df591567f12919ef8468816871b00a53d91f9b6358e6e5a02312ece0bf6e57,2026-04-02 08:04:48.155807,517,517,0
311,cdrsupload_20250731_070001.csv,a4f37559ae648042363582bf8eec360929b8edb9741262b6ce3a067663d4ee18,2026-04-02 08:04:48.789396,540,540,0
312,cdrsupload_20250801_070002.csv,665635961066b29d1abf9f8000a0cc2b9f27e449b8d76ceb35aebbeaeaaf3a95,2026-04-02 08:04:49.413258,563,563,0
313,cdrsupload_20250802_070002.csv,3734ff8e239ec146d92229d77dc51a017388c3038516ee8101541cfbafcae936,2026-04-02 08:04:50.079031,517,517,0
314,cdrsupload_20250803_070002.csv,b9da765e97041238cb6d18b69409a1ab21d165f469a17d3f857ff0c91ce2c131,2026-04-02 08:04:50.87463,32,32,0
315,cdrsupload_20251004_070002.csv,2f7058682349b479ae2c9d18797ec808770a3fa8a65b4ec41426ea057d0bd713,2026-04-02 08:04:51.452232,658,658,0
316,cdrsupload_20260402_070002.csv,8589829612df8f1b3e66b9b1e263bd339d58d9e6ca7492a18995e76c0f23281c,2026-04-02 08:04:52.047589,923,923,0
317,cdrsupload_20251006_070001.csv,516966cf1a458e682cdeab9236b9b2878402779b7be0376d582693efaffaaaf8,2026-04-02 08:05:46.509671,75,75,0
318,cdrsupload_20251007_070002.csv,44ff8a87be7ec99f51a9157b1bb0715d1d6ecb2b5c1626e61df270cc06ff72c1,2026-04-02 08:05:47.079674,97,97,0
319,cdrsupload_20251008_070001.csv,6a766bf92efec7422d82c330cd3ccb7d2f80ffb616e20877fd93260b7fc4b802,2026-04-02 08:05:47.686119,981,981,0
320,cdrsupload_20251009_070001.csv,703b4768bac1e79e9b95f802aaec90e4814c4ba7d38071ca08e1c42b28888693,2026-04-02 08:05:48.352057,827,827,0
321,cdrsupload_20251010_070002.csv,5817bfdecb16614e8cb7b767328bd90a9fc69e18a874d89a99ea85b9deafd83f,2026-04-02 08:05:48.966553,776,776,0
322,cdrsupload_20251011_070001.csv,48cf66860f95b313f51376cb2453a30956eeaaca6722c6d683ea0415fe1e20e2,2026-04-02 08:05:49.601658,768,768,0
323,cdrsupload_20251012_070001.csv,8377442cd4a7e21bea728b6dafbec410acab10753a5998c5fa619197a184f19f,2026-04-02 08:05:50.205684,103,103,0
324,cdrsupload_20251013_070001.csv,f3dd4a61fd8662bf74ff3eba79c0497293d75e765b72541607f5aeebb85a55e5,2026-04-02 08:05:50.952729,42,42,0
325,cdrsupload_20251014_070001.csv,53c9c8658f95af6e10fd16e634ab1562fd473269096905ef67dddcef56596e75,2026-04-02 08:05:51.57723,950,950,0
326,cdrsupload_20251015_070001.csv,1f4c52a669e87a5cfb4ec68c3c556d6101125e83f01ea89d015a9de15b4d02ad,2026-04-02 08:05:52.158706,837,837,0
327,cdrsupload_20251016_070001.csv,4428212c72d7b72de5ea4bc640ff130e0a040192d590a160a3cba6b6477b577b,2026-04-02 08:05:52.72287,1046,1046,0
328,cdrsupload_20251017_070001.csv,06644583c3781cc4685c50368130e402246b3edb2320e5da8c32924fb993aea4,2026-04-02 08:05:53.343635,1090,1090,0
329,cdrsupload_20251018_070001.csv,26a4f6e36bc1c07f73c8ec1ec627622d69d98bde3d226bb5e4c721cf7018434b,2026-04-02 08:05:53.98386,709,709,0
330,cdrsupload_20251019_070001.csv,d4b16611bd14ef075e7a82d165eee250dfe4fc3a54356e2cc853644f15008402,2026-04-02 08:05:54.552575,101,101,0
331,cdrsupload_20251020_070001.csv,26254b62e01fb6b2e3e38efaabe4b58797008ca9e4476ddc0c99e21b233dac71,2026-04-02 08:05:55.20812,53,53,0
332,cdrsupload_20251021_070002.csv,7752b4dabf4bc4c5316f67d4379913897d26516f3da29851ab23e21f9f65b86d,2026-04-02 08:05:55.792651,875,875,0
333,cdrsupload_20251022_070001.csv,e8ded1966c44c64a262c2ec44da68ec57c1784f32906a18e9c29a2a8bd394a68,2026-04-02 08:05:56.470823,835,835,0
334,cdrsupload_20251023_070001.csv,e1d8eed914d555d866770765a41552cb689be0eab6e3be9fff72f029563731ea,2026-04-02 08:05:57.062023,758,758,0
335,cdrsupload_20251024_070002.csv,bb9c8a00cf24096933331fcc11f81144fe5bc345ad56d736c5d2235f23676bd5,2026-04-02 08:05:57.692153,670,670,0
336,cdrsupload_20251025_070002.csv,e7d9975ba0dfbeff7c77c6792e5a7ef1097bc1e69bee76c2d9434ede763d5fcc,2026-04-02 08:05:58.32085,782,782,0
337,cdrsupload_20251026_070002.csv,b4030d8f081c48a31ddf7e24eb6c90314f3d05c8fc6b3b32744243486f3b593f,2026-04-02 08:05:58.970209,94,94,0
338,cdrsupload_20251027_070001.csv,ca433d5ad2c36e95a7e876d8863dc7dca0735ca56a24148a27f8f2a68999d169,2026-04-02 08:05:59.610495,31,31,0
339,cdrsupload_20251028_070001.csv,b019432a9a315f6d2d4a0938fa4fbd2b54c31100b78793f9d58795a198af7814,2026-04-02 08:06:00.232714,895,895,0
340,cdrsupload_20251029_070002.csv,e51f3af419b1172d2fb033efc1ccdb5356a45cf26468e02df55658eed4f5b856,2026-04-02 08:06:00.838708,722,722,0
341,cdrsupload_20251030_070001.csv,b6f17095e0314f12ed3cd44c990ad839b714d6cc9f56f096e74f881e8c6c7205,2026-04-02 08:06:01.492093,841,841,0
342,cdrsupload_20251031_070001.csv,9ec11ca6624e1765e23e62d468de801c3c7fd2c123ab2c5539435c9d8fff0348,2026-04-02 08:06:02.089246,745,745,0
343,cdrsupload_20251101_070001.csv,50bc775c502c0311794c8fc2bee8727448ae86ad00e8f2ec5656ee89332307ca,2026-04-02 08:06:02.702053,726,726,0
344,cdrsupload_20251102_070001.csv,5ce269dac5fa3852ae3c0bc1c9a2ee7ef8deab93bf4e01a0943a0c5ffb649a55,2026-04-02 08:06:03.306652,113,113,0
345,cdrsupload_20251103_070001.csv,f310a9a65d5465f023f7c8784f21d37b66784f401b529a1124c808219524c8c2,2026-04-02 08:06:03.872272,65,65,0
346,cdrsupload_20251104_070001.csv,5b362e067725ffca7a736f4fce1f50a997d70d44be0d8c9f1ac4992d9e01eb83,2026-04-02 08:06:04.488753,955,955,0
347,cdrsupload_20251105_070002.csv,2bcad6c54f94d470794a1a9d9bbd2e76f9c1b4118f2b0816e94b2e11c26a8c3e,2026-04-02 08:06:05.090325,793,793,0
348,cdrsupload_20251106_070002.csv,ad240bb40f8142b5f01e43e56e5f6411df3eb48963bb8dae91495104c79fd934,2026-04-02 08:06:05.642677,882,882,0
349,cdrsupload_20251107_070001.csv,0e3caae7eca352c1341fd2f0132ddaad35a000c938622f810fe765e4a3f53f40,2026-04-02 08:06:06.313045,874,874,0
350,cdrsupload_20251108_070001.csv,dcb5f3831a722a194ba6f779921e55a1731807365eeb866aef22db4870d27f26,2026-04-02 08:06:06.92498,748,748,0
351,cdrsupload_20251109_070002.csv,684a8f218a01495f67462ec0c5f80828dd74593521bd91c6edc5fa62be283b41,2026-04-02 08:06:07.556885,116,116,0
352,cdrsupload_20251110_070002.csv,07edda1d9a7637f8b03054b53ba8e568670122e1d9ad36f536b218da0bc8c774,2026-04-02 08:06:08.182384,43,43,0
353,cdrsupload_20251111_070001.csv,34abbd5042d9f1b2cfd8e7bcde2e394ce1ed34da83d878ee8d711f9822f9bcb6,2026-04-02 08:06:08.807097,874,874,0
354,cdrsupload_20251112_070002.csv,3213807a0ce5f630ce95c203d9824838286d31be5e7b820ccf39db491b418160,2026-04-02 08:06:09.444584,827,827,0
355,cdrsupload_20250616_103002.csv,0ce53f134304cf5b8502665fbbdc2e0d2fb149f9176a15357e53959beddc4c37,2026-04-02 08:06:44.392951,6,6,0
356,cdrsupload_20250617_070001.csv,b55d6681fe9390dcf96d835b2dd2b80652c1f0f207f8cfc4a9a8829a66b59e3c,2026-04-02 08:06:45.221492,512,512,0
357,cdrsupload_20250618_070001.csv,5f3aee57255ea09173bbcc5a16a57474d5975b1405b043cda6839aa091d011d7,2026-04-02 08:06:45.934745,481,481,0
358,cdrsupload_20250619_070002.csv,7fe350408ee4447fb8fa8f9f8511438e46e8ce6fa1df25184e4a55927d5bc238,2026-04-02 08:06:46.662215,493,493,0
359,cdrsupload_20250620_070001.csv,5d1ce4dbd38a92dcaedfc3f37710dfa09018395b63bea00b89b2442189ebcb91,2026-04-02 08:06:47.330633,447,447,0
360,cdrsupload_20250621_070001.csv,e12a0d65eee368d048548dd6b91f5cb947bcb29aec6f01cd1b6e83bdf7b371b3,2026-04-02 08:06:47.928554,459,459,0
361,cdrsupload_20250622_070002.csv,0da5f806ef2a3b13ea4c2eb6495667ffca0f98c4e8e2cb8eda0bc69e7b7ea45b,2026-04-02 08:06:48.545821,26,26,0
362,cdrsupload_20250623_070001.csv,3e9f7bbdd5a614275b0dc0175d3fdadffb1a5e479583fb0650aa78a157daa310,2026-04-02 08:06:49.158014,5,5,0
363,cdrsupload_20250624_070001.csv,b4d075264704c9e91cc1fb7d4b2a7931fa917854f71c6c9fac4c6b29eb81fc43,2026-04-02 08:06:49.757005,455,455,0
364,cdrsupload_20250625_070001.csv,f4bfcaea676871af96280739326979c184b021d7d40500c716dc458031991aa0,2026-04-02 08:06:50.43491,496,496,0
365,cdrsupload_20250626_070001.csv,f01ccacd1be24b365819b14b4517af8ba21f058b1f8d7b335f5e44836a073c1e,2026-04-02 08:06:51.059797,468,468,0
366,cdrsupload_20250627_070001.csv,c9a899630d4f90362908f45081a46eb0113eb5c2d29456a21b96978be6b6629f,2026-04-02 08:06:51.667496,502,502,0
367,cdrsupload_20250628_070001.csv,f9449a6971745ff7b0e545a3d42be0428edf7d32ba87196f67144cf11c2b3e1c,2026-04-02 08:06:52.315387,412,412,0
368,cdrsupload_20250629_070001.csv,eb91a329911c2c85ae5c7aff27368942e427b027163a13425145bd847bbf20b3,2026-04-02 08:06:52.888902,30,30,0
369,cdrsupload_20250630_070001.csv,c5f9b7ec3420285248d326d0d41861d14bb53f87812f771eece9b418071ca7fc,2026-04-02 08:06:53.448485,9,9,0
370,cdrsupload_20250701_070001.csv,f59b9880e970949ca8cbfdfc719b0682c2cc884e71688fee48668aa97bd81a1b,2026-04-02 08:06:54.073751,479,479,0
371,cdrsupload_20250702_070001.csv,be140fc3bac497b27a15b39e0e18bccf09dc6796124eff570aaaecd4b9ed6ca5,2026-04-02 08:06:54.676976,454,454,0
372,cdrsupload_20250703_070001.csv,664b92ccd5557c4f34c68600850587c1130d3a5875dd4c7ed5199d4ac8809675,2026-04-02 08:06:55.274159,416,416,0
373,cdrsupload_20250704_070001.csv,88aab9388390acbbf9dc4552d01b18561fe8ed48870a3cfa7d6bb5afe64e08de,2026-04-02 08:06:55.825505,504,504,0
374,cdrsupload_20250705_070001.csv,2a756045d02cdf14e5157b2c4c763fa0844f7ffd860ffcb00b6810509b293699,2026-04-02 08:06:56.497586,382,382,0
375,cdrsupload_20250706_070001.csv,eb06ff9acaaf3168be98b63127d67ddf29ad9d591e0edd00c8ba71e5524db1a9,2026-04-02 08:06:57.110207,31,31,0
376,cdrsupload_20250707_070002.csv,6dbf86bd97c48b25783257479b6ffb8ae0379358ab061e1acaca315aef694e1d,2026-04-02 08:06:57.756031,2,2,0
377,cdrsupload_20250708_070002.csv,a06c653f6a13c755b606678b3917a7082ccb1f2f00d534c15dcf3436080f00d5,2026-04-02 08:06:58.382167,593,593,0
378,cdrsupload_20250709_070001.csv,6f66577d33933b48ae090a50e26525ed94671b1ca824641a0ad919af068e2ac4,2026-04-02 08:06:59.055903,451,451,0
379,cdrsupload_20250710_070001.csv,2aa494528205ee8bc41049cf3511b792c663afb0c28fa4f94c996b191179d32b,2026-04-02 08:06:59.692932,432,432,0
380,cdrsupload_20250711_070001.csv,9858178df577466ffa3e2ab3301133ad5a155ee315e4bb8fece0944993c58eea,2026-04-02 08:07:00.326572,482,482,0
381,cdrsupload_20250712_070001.csv,535200572f530cf0423bd969e461c40f1eb8d96cba35ef53585df5dcc00b31a6,2026-04-02 08:07:00.930836,440,440,0
382,cdrsupload_20250713_070001.csv,2cbcb85e66c46b869605065d696e5522812ea6e3792b614964c25ea91bfe7ea2,2026-04-02 08:07:01.521243,38,38,0
383,cdrsupload_20250714_070001.csv,b8e36f50825c69e7ad65ca37f29deb6111a226b7c7c4dfd28f904e635941da65,2026-04-02 08:07:02.208837,24,24,0
384,cdrsupload_20250715_070001.csv,aff723182b207e823acec2dd604bfc0b60e11f668200309ed84ebef80405e3e1,2026-04-02 08:07:02.833116,593,593,0
385,cdrsupload_20250716_070002.csv,76f52ff0930c44047e23c7068cee6e6e275d17a0dfcd8c07d92cd0f13da7fe51,2026-04-02 08:07:03.423596,494,494,0
386,cdrsupload_20250717_070001.csv,04f91f221c33612f334bd22e077b7c87d028290f4fb4b9198a25bb5086a39f25,2026-04-02 08:07:04.034036,518,518,0
387,cdrsupload_20250718_070001.csv,ffffade8a42cb3afd4ca0e5b41473c0df2a7f886ceda5a84d3635dc4d06a2d10,2026-04-02 08:07:04.643642,468,468,0
388,cdrsupload_20250719_070001.csv,65e52f1922c6d381fa2ac8e97986e7ff896c8826373d07da48d4b264b86627f1,2026-04-02 08:07:05.303362,452,452,0
389,cdrsupload_20250720_070002.csv,6129b3e1090a50455287ef5054e525b2016b33148c53fedf01b86723e4d0b9b9,2026-04-02 08:07:06.203027,30,30,0
390,cdrsupload_20250804_070001.csv,f8acd44563e843a98f8f560c9cb9e626ae672f67216dfaa7782c85ab5b253d26,2026-04-02 08:07:09.014421,17,17,0
391,cdrsupload_20250805_070001.csv,6aad318330400c2999c0f957a01e013fc18258e5d6cc2e02ad9c8a7586bd4910,2026-04-02 08:07:09.634951,674,674,0
392,cdrsupload_20250806_070001.csv,7a12f35cd453df7e10fdc1fd72c086040a4de0ea2e96908c61e79feef464bb74,2026-04-02 08:07:10.206029,0,0,0
394,cdrsupload_20250807_070001.csv,3fb866638998a4d3a701b9b33e702271d4f8893180533ba7a5a0d10f78c6e70c,2026-04-02 08:07:27.771453,0,0,0
395,cdrsupload_20250808_070002.csv,db103743c312f6f3d1b996112992c0c1bac4bacf420ccfb1559be51217951229,2026-04-02 08:07:45.141153,0,0,0
396,cdrsupload_20250809_070001.csv,438ac45c0a89146941298e02dc5185f29cac0730ae024e17a5bce96963decd24,2026-04-02 08:08:01.443251,0,0,0
397,cdrsupload_20250810_070001.csv,e6a32ff88e4df062681a8c660e086f507cb6d0dbff90d5b84c913fb6d1553c90,2026-04-02 08:08:16.716101,0,0,0
398,cdrsupload_20250811_070002.csv,b45e3da8c812dd0202f18b027b52181382a9e296f019b66cc9cdaa8bc479c54b,2026-04-02 08:08:18.223555,0,0,0
399,cdrsupload_20250812_070002.csv,f4a30d6f049dbd4c1ec52f36dcaee2c6c9d821af012b198e2392d785a82460b3,2026-04-02 08:08:19.283138,0,0,0
400,cdrsupload_20250813_070001.csv,8b9ba7da1456016fd79999539ae1bed82f9245044eb7c6ef0ad52659cfe24528,2026-04-02 08:08:37.578078,0,0,0
401,cdrsupload_20250814_070001.csv,67bf56940d9f29073e56a50fdcba1d2cd4544dd2193d8e90184b817b5111f6d0,2026-04-02 08:08:54.077899,0,0,0
402,cdrsupload_20250815_070001.csv,7d66c5d5a44d55d56df3b22eeb62e9008629eadd0bb42ecb45d855de8ded5885,2026-04-02 08:09:04.558067,0,0,0
433,cdrsupload_20250816_070001.csv,a628b8e94f0ebddd9641cdefa3cb6328db5dbb48b0c30728e6ec21d7d140753c,2026-04-02 08:09:22.017075,0,0,0
466,cdrsupload_20250817_070001.csv,009634de7fe6818fe310f18f7a1d4ffdf659a4bae1f49fbfbeb549f847aaa7b7,2026-04-02 08:09:37.190324,41,41,0
467,cdrsupload_20250818_070001.csv,dfe70bcd10666ba0a66bb9c47833025d21fb0506c8c06893b593d4800aa0e027,2026-04-02 08:09:37.663443,18,18,0
469,cdrsupload_20250819_070002.csv,c76e25d16e929626d40ad42ce180d782dbfb2ff4f135a45ca6b79e398c5edde3,2026-04-02 08:09:38.17498,989,989,0
470,cdrsupload_20250820_070001.csv,20ee221c62747ae64d5a52e3d9981a2a8878ff0c6a11d90cc6baf57f7cb58ff0,2026-04-02 08:09:38.744162,852,852,0
471,cdrsupload_20250821_070001.csv,5a8909d8d3a181a0ac6465c2c1156f6b480392fecdc900204b2e5ee0ab37cb6a,2026-04-02 08:09:39.113726,0,0,0
473,cdrsupload_20250822_070002.csv,9bf505911edc18a02d2a4117f08c8980dcf125ab5177fdfd0bf025604b58f910,2026-04-02 08:09:39.741074,765,765,0
474,cdrsupload_20250823_070002.csv,e4b499e437b7704786bde6984b6c550bab8bfc9fb22a84e691e5892388c02c7e,2026-04-02 08:09:40.242265,666,666,0
475,cdrsupload_20250824_070001.csv,1c47b7419231ed40bf16d0aa42c24507be7341a0d3d09ee38324ffd8cb09e8e0,2026-04-02 08:09:40.72917,113,113,0
476,cdrsupload_20250825_070001.csv,b90707d102aeddd72d0aaee49c964075878466c631258784c4bf899e1e3e6103,2026-04-02 08:09:41.205244,20,20,0
477,cdrsupload_20250826_070001.csv,d828a4f039af52e5822b1e67ac48fa1cd540772fedabba1630d6db8eb9e1942f,2026-04-02 08:09:41.796192,814,814,0
478,cdrsupload_20250827_070001.csv,45f8236ffb920453f3f942625cb6ab4d2f69e1cb49524a3edb4d194fbd9a6b48,2026-04-02 08:09:42.375498,774,774,0
479,cdrsupload_20250828_070002.csv,2e2fa912d1d467a38e123250d6cc19032d8d4ce1a8eb1fc18d739175351a6360,2026-04-02 08:09:42.842258,682,682,0
480,cdrsupload_20250829_070002.csv,8cc739a205d9ea2966d691f753d68fe3660ae6ee2494a701e83bcc7c1d7b9ee7,2026-04-02 08:09:43.370551,744,744,0
481,cdrsupload_20250830_070001.csv,661e526154dfc9aada4386cca37927fbdd63c3ab2e2d6a62ef741ba0051f0c09,2026-04-02 08:09:43.834681,610,610,0
482,cdrsupload_20250907_070001.csv,34a4dc408379689b777cfb1ef139de07f892175c3527999872d999b6d216f30e,2026-04-02 08:09:44.341737,56,56,0
483,cdrsupload_20250908_070002.csv,fe00c43aa4b88fc25cf727cd5c33db468c217d4cc1fa7bc5ce3c0f7950d60939,2026-04-02 08:09:44.837223,15,15,0
484,cdrsupload_20250909_070001.csv,1f362e848d7a1631ab89c698c972219e9ea8ccd8bde6d55848601bdc34364e40,2026-04-02 08:09:45.32436,904,904,0
485,cdrsupload_20250910_070001.csv,919ae30279fa0c92940511d4ed31cfb5f6d7146e5c5a441b4598c7bdf6acd67c,2026-04-02 08:09:45.838924,830,830,0
486,cdrsupload_20250911_070002.csv,fad231bc1fa60f2529009c7b60b08bafd9a162d1206ecaa1a0b96fa00e8fcc33,2026-04-02 08:09:46.334955,807,807,0
487,cdrsupload_20250912_070001.csv,3c04c225234ec4554d6c03358f40b20f89ee4c44817c09c7e08fee2bc463d040,2026-04-02 08:09:46.990441,791,791,0
488,cdrsupload_20250913_070001.csv,93f2aece3724032466281de87e3771bb65c11cdcf9232f09efe2f785ed6d15a4,2026-04-02 08:09:47.557942,637,637,0
489,cdrsupload_20250914_070002.csv,8169a8b98e85d539988b6b32c89d20a23c5ed2cf28509ab6d89ce6ae17a38806,2026-04-02 08:09:48.096157,101,101,0
490,cdrsupload_20250915_070001.csv,8fbb06b32385fb3c48288108b98c8516dd955756c43bec8bbf84dd24c13610ad,2026-04-02 08:09:48.583887,21,21,0
491,cdrsupload_20250916_070001.csv,1e7e3305d4b943164ce39764dbdf67a8a6e3b1b3720a56875cd815f0319da7b1,2026-04-02 08:09:49.057134,821,821,0
492,cdrsupload_20250917_070001.csv,2a6b66d2a9a4657ddda6762e5fb4efb4f35b917ab2ea2c4adb8f8ff65bb0f238,2026-04-02 08:09:49.556631,780,780,0
493,cdrsupload_20250918_070002.csv,94251705ecb0f5cdc8eff8488ffb82e116f9de497d486f3cd084c0a9c8189486,2026-04-02 08:09:50.039171,753,753,0
494,cdrsupload_20250919_070002.csv,f5aaa062d4ec8d08ec385026edff29f1271b43a74378f367751e1031c38d7810,2026-04-02 08:09:50.605056,719,719,0
495,cdrsupload_20250920_070002.csv,011b07f9372ceac8767dc60cb67f4d5147307cd1e8cb0b2378568bf62364ae1e,2026-04-02 08:09:51.216084,662,662,0
496,cdrsupload_20250921_070002.csv,da7530a80c6da6ce84716dfe8dbb1d19253f1429d9371dd3ff3302fbf74369e5,2026-04-02 08:09:51.70373,71,71,0
497,cdrsupload_20250922_070002.csv,ab792ad7dce5291a4e04dc8548792893cb1ff1b6c745bf03409ca520b797fd09,2026-04-02 08:09:52.199508,11,11,0
498,cdrsupload_20250923_070001.csv,8f18a0e071e625ffb3a17e9a258bca53ab82bdb6a8de9ecc4b806d33d5429d86,2026-04-02 08:09:52.621962,828,828,0
499,cdrsupload_20250924_070001.csv,62dd0016b444ed781d9f5e6138a4522e4fb80f33b86f8b6457b96535492b4d62,2026-04-02 08:09:53.150504,831,831,0
500,cdrsupload_20250925_070001.csv,2a0b1f214be9ef5ab8d5c8515b6857eea1a9fddca6f66fbabf49a90394d33351,2026-04-02 08:09:53.951146,701,701,0
501,cdrsupload_20250926_070001.csv,a2604902affe36470a00758ba2f03f034b9c964b4cf78c7949572de2d7bcd7bb,2026-04-02 08:09:54.434058,780,780,0
502,cdrsupload_20250927_070001.csv,65902f0d8188902c435464b73a1d4250c15f6ab20905603cf15329ba05cd0e98,2026-04-02 08:09:54.944716,674,674,0
503,cdrsupload_20250928_070002.csv,9cba859ac6e203276da885014a751938c8570e9d1079beca170b20cd8c264341,2026-04-02 08:09:55.404491,82,82,0
504,cdrsupload_20250929_070001.csv,601b5428c79a2447cf3cf40a6cce1332acd0b0c6ea993c56ef85236998715365,2026-04-02 08:09:55.908042,14,14,0
505,cdrsupload_20250930_070002.csv,ad5368bf9fe7a639609b919d035b8f813bd071015ce8db27561e6aa4d62d42e4,2026-04-02 08:09:56.492518,943,943,0
506,cdrsupload_20251001_070002.csv,c12f3a5185d516af2dcd0e40714259452e72e1db0ee6d3204b8f1c55ef051d74,2026-04-02 08:09:57.000662,813,813,0
507,cdrsupload_20251002_070002.csv,938d7fcc49abda95d27c769272cefc05c75c808fe2565c6f8ba4c460ef7d31d2,2026-04-02 08:09:57.478509,789,789,0
508,cdrsupload_20251003_070001.csv,29a75e7a5d1e3bc9d6d6d43aa0c0d97d4262f4cac933c4a6eb0988e5e8c3adbe,2026-04-02 08:09:57.975583,704,704,0
510,cdrsupload_20251005_070001.csv,410600f51d136089fee7ad1e40bdbb50dba8ba624fdf74b7b3ac15c1f47a0393,2026-04-02 08:09:58.888551,183,183,0
527,cdrsupload_20250831_070002.csv,7c951a26ff0b257ade77da6731df742014c50da77366f3584581bd3da0254522,2026-04-02 08:10:06.889027,0,0,0
550,cdrsupload_20251113_070001.csv,34abe4386c8ede54ee49e70ac3a2e4b648105a2bf7f766c72ca6abe8d6448712,2026-04-02 08:10:17.916262,918,918,0
551,cdrsupload_20251114_070002.csv,db695d26d3d3f08ef8ce269cd25f598a410c6c6b26ef3d8a5b5236e8537c3454,2026-04-02 08:10:18.4263,776,776,0
552,cdrsupload_20251115_070002.csv,078b515dc1f0009b9202896eeb5334bb877e91a6381613a64ef91b58bf25748d,2026-04-02 08:10:19.070651,818,818,0
554,cdrsupload_20251116_070002.csv,bb31df7f571a8cb0cd6d00518daa65dd8cfbd1ed981bfddfc16969df2c124ac7,2026-04-02 08:10:19.532011,116,116,0
555,cdrsupload_20251117_070001.csv,642bf3882d875c5d2f647b8d3d0bfd5b5c8e3437e1cf3a0cba1d043d1f25b361,2026-04-02 08:10:20.107119,39,39,0
556,cdrsupload_20251118_070001.csv,7e7be2daa9c7f844dbc0e9286e0b1d7062ae85942cbe4cfba47d463a814a92b5,2026-04-02 08:10:20.57151,903,903,0
557,cdrsupload_20251119_070002.csv,0708225867fa0ec27649f59bf2d96d1644c2eee72d582db150ab5753b439769b,2026-04-02 08:10:21.077388,880,880,0
558,cdrsupload_20251120_070001.csv,3d894680e1f6449e57f8c1789784f7657ba568903635f8154f0152c0c55c1e79,2026-04-02 08:10:21.6134,867,867,0
559,cdrsupload_20251121_070002.csv,0ceeef1237faa840de7a5ecfdf628afd2bafb47a62b4b113e60aadb58b165019,2026-04-02 08:10:22.130125,918,918,0
560,cdrsupload_20251122_070001.csv,aa562f25a038ab5d2bf2cce205153e89f4c8c6acca3eb8a5b67accf48c1a2e39,2026-04-02 08:10:22.645786,816,816,0
561,cdrsupload_20251123_070001.csv,a5b13888983161f43a64a3abbb4b4fca1958efd5de56ad7286158c8525d596b8,2026-04-02 08:10:23.148397,112,112,0
562,cdrsupload_20251124_070001.csv,d3805ccf21f7f7d1a4717939a384b49d82c76cbef6bccc85d996e20aa6cbe474,2026-04-02 08:10:23.645951,62,62,0
563,cdrsupload_20251125_070001.csv,65c856633a878e5ad00d55459e046589a74870ebf49588f7fc1a78fcc7e59002,2026-04-02 08:10:24.160197,990,990,0
564,cdrsupload_20251126_070002.csv,a342acbff03a22e4c7e5d466d76ccffd5387204ef60e72201b01c1288d42ee6f,2026-04-02 08:10:24.668156,946,946,0
565,cdrsupload_20251127_070001.csv,c28fc088fdd6fa391a5edb2a141d742a8c833f78bc7d06d6e0f6d97b53d820ea,2026-04-02 08:10:25.208464,919,919,0
566,cdrsupload_20251128_070001.csv,87bce8e9e5cf395d59d8763b982388179417e5b9c119675e504639ed5432bfeb,2026-04-02 08:10:25.702821,892,892,0
567,cdrsupload_20251129_070001.csv,86a074956d800c154dbdbe01b81628e7a44c39394627d094862fcdf4c62c55b6,2026-04-02 08:10:26.253301,786,786,0
568,cdrsupload_20251130_070001.csv,14a6813f09ac703aa0e85a9809905ed8eac85d0f73f1e70e5c02dd474b937a9a,2026-04-02 08:10:26.80063,113,113,0
569,cdrsupload_20251201_070001.csv,55429a3f21dff964b779d3e88b51debb98405f0dbead878a6a8b55fe8cc78368,2026-04-02 08:10:27.240923,40,40,0
570,cdrsupload_20251202_070001.csv,d3c990836eb2df5c0f770904d2df862c2aa2020cc120c88c074a55352c8b93e5,2026-04-02 08:10:27.722125,955,955,0
571,cdrsupload_20251203_070002.csv,a5d6fbb98ac21a66f9a971919ec7d0341b7dadffff0b47b0928b687a90522f8d,2026-04-02 08:10:28.257774,871,871,0
572,cdrsupload_20251204_070001.csv,c62e86ef5dc0ad071c2e9d5538419588932f3332831a9b45de69647c90e96e04,2026-04-02 08:10:28.776794,839,839,0
573,cdrsupload_20251205_070001.csv,f2b4886e18a49dc280c92537ab9a09c6e7b2e834707a6d2076053000a5900795,2026-04-02 08:10:29.333819,778,778,0
574,cdrsupload_20251206_070001.csv,305324973cf359dfc0f91620e5a38a19a7ab5a62bd5c8031c5afd6c4a34b6791,2026-04-02 08:10:29.828979,769,769,0
575,cdrsupload_20251207_070001.csv,a69ed21d1f458536c4ea6429cb00ca0a093037f961ac9555f919ef19190c1abd,2026-04-02 08:10:30.398991,211,211,0
576,cdrsupload_20251208_070001.csv,afca74c45267f66741148986ddf3769a8ea56e74dfe9700c6f3e10ffaa0d3534,2026-04-02 08:10:30.898508,34,34,0
577,cdrsupload_20251209_070001.csv,d22bd1423aee979ab112a1c60569e931e3762ca217349435c7b59a2161bc448f,2026-04-02 08:10:31.401845,970,970,0
578,cdrsupload_20251210_070001.csv,1c5f8547a34fbefcac63331ad332f68c0196578462f42696a2f3d8705d8a6223,2026-04-02 08:10:32.10012,854,854,0
579,cdrsupload_20251211_070001.csv,4ae9ba3f6a8770b5e32d21a61ccb909c032eb102e7a03256324efafdd2741986,2026-04-02 08:10:32.656192,778,778,0
580,cdrsupload_20251212_070001.csv,4b4ae65b9eb96562200575c5b8eb2724cd1cc575404319676bd2dbeec9843012,2026-04-02 08:10:33.140339,802,802,0
581,cdrsupload_20251213_070002.csv,629cca45b880f21b6acd4b364c0b909705283b74db5fc57499c700f9dadf820e,2026-04-02 08:10:33.629836,794,794,0
582,cdrsupload_20251214_070001.csv,e95caadd8a12d0692e40dcb8340529ec818ceb75eca5d2eb915031555466cf76,2026-04-02 08:10:34.150084,131,131,0
583,cdrsupload_20251215_070001.csv,0892785fb4f8176149f3eeb7b7d6f2cee1848ebe9a0481b58a6ddaabb46a1cb5,2026-04-02 08:10:34.617905,31,31,0
584,cdrsupload_20251216_070002.csv,0f4d1fcbf594839859ee94b2d0a0dbd2b5d792e98a5a34d6846aaf5871576045,2026-04-02 08:10:35.094039,926,926,0
585,cdrsupload_20251217_070002.csv,46e30e690d9a53fbc2e0141cfd3e54723420f83e18f856d6bd6cc0b8c2a2bced,2026-04-02 08:10:35.603668,854,854,0
586,cdrsupload_20251218_070001.csv,7ef23aa02e2f89938fbf6e8075bd867a876d9e51f8c531e6ab97f93601a25a39,2026-04-02 08:10:36.152031,747,747,0
587,cdrsupload_20251219_070001.csv,f2c9bb22fd96fcde05038c39b39fc0a37e72f3718ad5f5dad306bad552782225,2026-04-02 08:10:36.624028,839,839,0
588,cdrsupload_20251220_070001.csv,6bcdd61d8b8c195e67749437386e78ce11da3a81df7e43ebd8443ea26806c781,2026-04-02 08:10:37.151937,703,703,0
589,cdrsupload_20251221_070001.csv,ce87656f6a868bc63a9ebe68660a70291d8f603da76377bea26beb67cfdb9e22,2026-04-02 08:10:37.615528,151,151,0
590,cdrsupload_20251222_070002.csv,d67044d947d2c69db29ef664254ccfcd4ccd26caad54924947788bdc3a53646e,2026-04-02 08:10:38.074902,45,45,0
591,cdrsupload_20251223_070002.csv,b575f2246e57e00b37c041e0c44bb409d33115a5b9a230a18851c54bafad0b2e,2026-04-02 08:10:38.631145,602,602,0
592,cdrsupload_20251224_070001.csv,59b95066c6e893a0ef79d2dba6e73f180bbb7530d9d97b8d77c99fc968c508b7,2026-04-02 08:10:39.114775,530,530,0
593,cdrsupload_20251225_070001.csv,897a3ebbc57ded8d059fda62bdb1ebf5933209bf5bc1ed1ec4fcbc990ef843da,2026-04-02 08:10:39.614125,354,354,0
594,cdrsupload_20251226_070001.csv,f49244a259111f6faf0ecc6e4a42fbcedc0ef0b743b6e62327c60d74b7f40f49,2026-04-02 08:10:40.070991,33,33,0
595,cdrsupload_20251227_070001.csv,2e5c4ae5e463f115978179a4d7c3724615aa15352a003ed703e862d8ad33ad81,2026-04-02 08:10:40.525161,91,91,0
596,cdrsupload_20251228_070001.csv,47980777c2ac3de51845d4e491d283d1aa57d195c00585f045caef780762a33a,2026-04-02 08:10:40.971184,136,136,0
597,cdrsupload_20251229_070002.csv,ba92a20ffc062a8577ae0396b4bac8440342ae89960f55235e8054d3b228901f,2026-04-02 08:10:41.430753,61,61,0
598,cdrsupload_20251230_070001.csv,d40058a91f7ad29658f9f276b690e831dece23363eef83966fc7422d92b1a30e,2026-04-02 08:10:41.912037,504,504,0
599,cdrsupload_20251231_070002.csv,ecca96ee459501c97e11a0a1341394f796f7b0c299c2454069052639780748fd,2026-04-02 08:10:42.377818,403,403,0
600,cdrsupload_20260101_070002.csv,a587b9dad7e26bbab8f09713148c4ec06424597d981df23b7a7e01eb8c061ccf,2026-04-02 08:10:42.849392,401,401,0
601,cdrsupload_20260102_070002.csv,c352d18fb6bfbafa8910fde56a8b46c28be0722ccf2910ca17ee298dcd7c63cb,2026-04-02 08:10:43.313917,116,116,0
602,cdrsupload_20260103_070002.csv,86a850a8f9fb611c71ca179c39cdb9ad16e82f29981f4eec9961e9dcdf435fdd,2026-04-02 08:10:43.801429,301,301,0
603,cdrsupload_20260104_070001.csv,39ceb0df068785b3dd1f3036e341d4f819643c83e5b49123c7eb8769d3491854,2026-04-02 08:10:44.236314,148,148,0
604,cdrsupload_20260105_070001.csv,9635f0d4e7bf45887bb2a57879f290ef6e944fd94991884c68661078bf6d2909,2026-04-02 08:10:44.712031,62,62,0
605,cdrsupload_20260106_070001.csv,0edbbf867dbccd418796867ea68bf2fefa8b83abdef0a62a1b167fb56a7630f4,2026-04-02 08:10:45.219311,983,983,0
606,cdrsupload_20260107_070001.csv,b9484da68206b3ad9553491bf04abebc77da1d161ea8ad2e13e121a63c3172f2,2026-04-02 08:10:45.791658,790,790,0
607,cdrsupload_20260108_070002.csv,44597b95dba3c7848150327501fba03b020a32cc3b9e7116ef810e494bccb27a,2026-04-02 08:10:46.309936,652,652,0
608,cdrsupload_20260109_070002.csv,b815c2b02210afa8f95942e1a27ff80d68fb5f79e42c974524865f30f269f0bf,2026-04-02 08:10:46.883216,710,710,0
609,cdrsupload_20260110_070001.csv,53c6071ec61d3dd7f391275e051ff60843d86c918a83901b093c3d52540229eb,2026-04-02 08:10:47.447469,634,634,0
610,cdrsupload_20260111_070001.csv,4256482bf89c6ad7700a5442af9bcdc656144ec735886e5c73cb1932a71be876,2026-04-02 08:10:48.055924,144,144,0
611,cdrsupload_20260112_070001.csv,438994550f9935bd3ff3fa9d8eb6938129506d18d2bdbf6820326be065e22bd8,2026-04-02 08:10:48.550229,95,95,0
612,cdrsupload_20260113_070001.csv,884d4ad6007346587736be104d6272c444740ff5436bdf2226273dff2eb558df,2026-04-02 08:10:49.046886,969,969,0
613,cdrsupload_20260114_070002.csv,900bb36318fb6a1de6d96a5a40db89bac02eb8e54d2b60435503709029aadf1b,2026-04-02 08:10:49.606975,855,855,0
614,cdrsupload_20260115_070002.csv,e18ab46156255adb51a7960b46bca55f1519298e8079a7437b963f23886406f6,2026-04-02 08:10:50.245481,863,863,0
615,cdrsupload_20260116_070001.csv,00bc8217132fe8b7bf11187f530b22fb3a0ea651bc040634604a41c7c4f1d52a,2026-04-02 08:10:50.804477,843,843,0
616,cdrsupload_20260117_070001.csv,e7e006ca6b48748719105859e8f57b28f5c749965275210d7139b97ec0c0a1c2,2026-04-02 08:10:51.318441,794,794,0
617,cdrsupload_20260118_070002.csv,ab611aaa120c520dfaa0ad104aaa260f37e13f4309daf4b0398ec3859993648d,2026-04-02 08:10:51.842758,155,155,0
618,cdrsupload_20260119_070002.csv,5a9aad2f871aaf3ef367e8a21c3486e3f80671d0f123aa9db66ff80978125710,2026-04-02 08:10:52.317984,67,67,0
619,cdrsupload_20260120_070001.csv,1e367ad720c6582ef59759638e502ea4fa854d6f8b43ebf2b46f80cdfe4f1454,2026-04-02 08:10:52.779927,987,987,0
620,cdrsupload_20260121_070001.csv,c036bdd1643dcf1fd3242fc9f09066d343a9cfa7d50d3de794a7b45afa406b21,2026-04-02 08:10:53.338208,927,927,0
621,cdrsupload_20260122_070001.csv,a3a4d629ccf55aaa9141be608cb6b197b8d54fbd0b3b9a1955434b36748f693c,2026-04-02 08:10:54.076598,845,845,0
622,cdrsupload_20260123_070001.csv,f7a68fedfbb9e430d66732cc44d25fe357548db3f92fba4ee665dd9ffe963945,2026-04-02 08:10:54.583235,832,832,0
623,cdrsupload_20260124_070001.csv,812a0eeeeba05211678b3abe9e5fa05a3fa8d41b11c3a83295511dbf2a4e34a9,2026-04-02 08:10:55.109961,812,812,0
624,cdrsupload_20260125_070002.csv,b4617f2b20a0bb4fc1d6d04328ecb608d8b3460c8c43ed644ddeed981ee98f15,2026-04-02 08:10:55.622592,162,162,0
625,cdrsupload_20260126_070002.csv,68cb0b4bef4c876295703d04a1e65ba939e0265bb06a5beaff1cd4473787798e,2026-04-02 08:10:56.09587,75,75,0
626,cdrsupload_20260127_070001.csv,4bba33ef91c75117a69928eb6ddd44fc145b5e3bb8bb54eba490ef71773903ce,2026-04-02 08:10:56.609831,92,92,0
627,cdrsupload_20260128_070001.csv,adbdb97e39dd7a6d0cf90e503179db8fa6b29b1fca7c04bf31d3d47390f0069b,2026-04-02 08:10:57.052029,0,0,0
629,cdrsupload_20260129_070001.csv,f4a26c5e41b2169a9cbef67d83d4ac9497cca8c03d50ea7b74c8b04840ddf9a1,2026-04-02 08:10:57.761941,914,914,0
630,cdrsupload_20260130_070001.csv,80ef94e9eb66020c1b3cf63dc82a7daf8ab44c37b0883010d7a2c8c832bbe478,2026-04-02 08:10:58.252639,863,863,0
631,cdrsupload_20260131_070001.csv,7a4b0856d3bb0d4f610954c335bd37c79888d5d1d65bbf3278686253102d2979,2026-04-02 08:10:58.833634,787,787,0
632,cdrsupload_20260201_070002.csv,045e573ed866792138151a88167ca24782d792dd48273ed234e5e08ba5e2b386,2026-04-02 08:10:59.337565,170,170,0
633,cdrsupload_20260202_070002.csv,c36b2c7a8e241b2c26b6c133db6012f81964ed8db33b142963656635cdce38c5,2026-04-02 08:10:59.900434,59,59,0
634,cdrsupload_20260203_070002.csv,97b7898bafb27a916fbcb68e11d64c31186fa4f40667632d94a46ce3da84be36,2026-04-02 08:11:00.409375,940,940,0
635,cdrsupload_20260204_070002.csv,cab85179c20a6159434ebe37b007038520c30052128eebc5443195f7dfb93b8e,2026-04-02 08:11:00.911919,943,943,0
636,cdrsupload_20260205_070001.csv,1cf342855dc79db93fc7420549fb9598921d42bc28b2cbbff7a715ff8ec30b22,2026-04-02 08:11:01.47929,875,875,0
637,cdrsupload_20260206_070001.csv,b406969ee388fda7142e4311c6ccd6aa5b790dd80d0e39ca00f2b3f95ee53cbc,2026-04-02 08:11:02.03129,910,910,0
638,cdrsupload_20260207_070001.csv,adb9fd55154f93fc115c76d36af5c2a8ac3df4047b7bad00b79f519d77883172,2026-04-02 08:11:02.591432,846,846,0
639,cdrsupload_20260208_070001.csv,9870ec2576fb7ed1587b444a24d10d30ca714f4ebe767ca8d68ab6999ad5ac1a,2026-04-02 08:11:03.093131,112,112,0
640,cdrsupload_20260209_070001.csv,e5830df1513c90d00c2de0c06b138042d6c87a8f83d94cdd77ea1fca4f7f2c1a,2026-04-02 08:11:03.57298,65,65,0
641,cdrsupload_20260210_070001.csv,282f87f60a1a5d4ebf34657f82b3b2513e234fd9d81ab2b21285906e257f9aeb,2026-04-02 08:11:04.051062,1063,1063,0
642,cdrsupload_20260211_070002.csv,d5260d5f4529c0fc215678c9eccbf6acfc61f90f58a546acd955a41bef0712bc,2026-04-02 08:11:04.58564,929,929,0
643,cdrsupload_20260212_070002.csv,b5abe43067f21a7358bfbdfae958f575ca6985c06deaf212a56cb0f6e1d1dfbc,2026-04-02 08:11:05.136251,917,917,0
644,cdrsupload_20260213_070001.csv,35571d11222819592de4fc4fe09300be9f043202920fe6f0049dd21f610c6216,2026-04-02 08:11:05.654251,889,889,0
645,cdrsupload_20260214_070001.csv,87375ce4715b13b0e006141e564d082180a03fa5ba50c1a37442e3bd3459b911,2026-04-02 08:11:06.196817,793,793,0
646,cdrsupload_20260215_070001.csv,0ffe2b49f1dab36067125f582e8517db5ffb91efcf399c632aaecc819f12aa92,2026-04-02 08:11:06.69878,153,153,0
647,cdrsupload_20260216_070001.csv,db13eeb30770dcbe0019655a05a1e06ede0fb8493df9db3e256257804411a845,2026-04-02 08:11:07.156628,47,47,0
648,cdrsupload_20260217_070001.csv,a77da73927404a7d7711063c2b718feb9adf8068af532321a3dbe194fdf587ab,2026-04-02 08:11:07.658476,995,995,0
649,cdrsupload_20260218_070001.csv,36a76fb147b86df38292234a4014fa897e25f05d975339642d635f52dde0e281,2026-04-02 08:11:08.163368,974,974,0
650,cdrsupload_20260219_070001.csv,49e56c8991ff88abfcbcf28931b899d1c524c927e8193e356b29156f2cf19415,2026-04-02 08:11:08.702039,1031,1031,0
651,cdrsupload_20260220_070001.csv,6547f3663ea641bb05b09b61d522d99300d2848480db5253ded9ccb464a2bd04,2026-04-02 08:11:09.21107,888,888,0
652,cdrsupload_20260221_070001.csv,a64538b7476a3737fb638ab7740d6128e2f09e8cf10eab00af18283a56473d7e,2026-04-02 08:11:09.736525,896,896,0
653,cdrsupload_20260222_070001.csv,c8b039841e1dd8854076c74a5896560adee07bde07de17823fb4c04312b7d1f6,2026-04-02 08:11:10.301273,129,129,0
654,cdrsupload_20260223_070001.csv,8f5dff6e2a23de32b9ac30e4d813800a29fc3da788ec62f2cbc95b5c32488139,2026-04-02 08:11:10.76021,61,61,0
655,cdrsupload_20260224_070002.csv,8729d93f9191f126dbf8bd39fae3ff30a722ea2eaf745c0d4ba45fc8dd12334c,2026-04-02 08:11:11.233074,1023,1023,0
656,cdrsupload_20260225_070001.csv,01c928c821b1627e604eef5f6fdf8fc3e9dba347737bd9e8bf34ddee3c9255ce,2026-04-02 08:11:11.754221,892,892,0
657,cdrsupload_20260226_070001.csv,c34b5cf6195c9cb492571ce4992738889f85c54f2414305364e54670ee61db04,2026-04-02 08:11:12.262473,944,944,0
658,cdrsupload_20260227_070001.csv,6bb2c2929be9a52527514c3a1808ac450ad35935b8e7e4b7a53c7b4a31fd1e42,2026-04-02 08:11:12.801837,988,988,0
659,cdrsupload_20260228_070001.csv,c01e0747cac4dcd26bf62854b7c49b781177032c333bcffc19e17ea686c10b04,2026-04-02 08:11:13.349093,828,828,0
660,cdrsupload_20260301_070001.csv,f8c9e0f4956829abe0f3b14039214d5d5a2beefde03ec616afb6fd91932ffdcf,2026-04-02 08:11:13.837004,130,130,0
661,cdrsupload_20260302_070002.csv,ab43cc43791fcfa07fdb254bea4636cbd4e8f7e690c824907a467eb097d32827,2026-04-02 08:11:14.300125,42,42,0
662,cdrsupload_20260303_070001.csv,9e5159998486ec0b8ee6911cec44e6a42d183c0a587d9bc92716a4316e0b8053,2026-04-02 08:11:14.774791,1104,1104,0
663,cdrsupload_20260304_070001.csv,7e88e3efb5406b2c0f0edd758c11656b863fbad4f9c5c7cce7beb3b16654debb,2026-04-02 08:11:15.316209,1055,1055,0
664,cdrsupload_20260305_070001.csv,60d94ed20836877aed736d6ce8cdd3baf7899c9d8539887307fc834b2c5f7e7c,2026-04-02 08:11:15.799014,1007,1007,0
665,cdrsupload_20260306_070002.csv,e4c19c34011b8b7a8a7e4e9143387d8363bf369096a58ef7a15f71d669dc7d73,2026-04-02 08:11:16.350302,966,966,0
666,cdrsupload_20260307_070001.csv,25e54b433dc1fd79cbe6d275bdaff92992ca09c6517eec1eaea14fc8d68bcdf6,2026-04-02 08:11:16.888718,884,884,0
667,cdrsupload_20260308_070001.csv,f098ffd6c7e15affd59d00801265570e414c330f5d3839dc7de66533ab32bedf,2026-04-02 08:11:17.433999,130,130,0
668,cdrsupload_20260309_070001.csv,804f4a211c0b3e513f23441f484de6dd55388dc99eb8f7f1405c29ff578f1e92,2026-04-02 08:11:17.896683,43,43,0
669,cdrsupload_20260310_070001.csv,94b878d475f348e6d5e91b1c59800cb372f1cc748cc6b45c484ee5182315a849,2026-04-02 08:11:18.429678,989,989,0
670,cdrsupload_20260311_070001.csv,0903e11c3e059f19c4c1ede62f457972816fda64dce84e83c00e450ed5e099bd,2026-04-02 08:11:18.915348,1225,1225,0
671,cdrsupload_20260312_070001.csv,b351114c49bbb8d1fc95880f1e48985528321ee6747451bccf2d766db52bcb7e,2026-04-02 08:11:19.38793,1076,1076,0
672,cdrsupload_20260313_070001.csv,8b7e1f8c8a1b633b46dd7a5e46cdff6e8248175b94dde83deae1a9d0322185be,2026-04-02 08:11:19.874824,989,989,0
673,cdrsupload_20260314_070001.csv,5dd06f37328c04f9c2207e60b5ad6f848d39ec20f709405264ce2a286170e994,2026-04-02 08:11:20.34624,858,858,0
674,cdrsupload_20260315_070001.csv,3bfd7e2d42774aa798b316322d550558b15a23a69c95d5338cba011f8186d137,2026-04-02 08:11:20.811768,110,110,0
675,cdrsupload_20260316_070001.csv,b99301b641f0149d80888fa62a057da025c4f7d701cd5e77937e84ffbeb2c0a2,2026-04-02 08:11:21.270424,40,40,0
676,cdrsupload_20260317_070002.csv,aca3f83d95a2fb23a99fa0e8a533adefccd3d636053004e5b7bb9458212b7822,2026-04-02 08:11:21.768839,1134,1134,0
677,cdrsupload_20260318_070001.csv,ef96787d34ff8ca0b3a94cf23155c524db360c30fac2d9309154e8ce965bde4a,2026-04-02 08:11:22.283614,951,951,0
678,cdrsupload_20260319_070002.csv,cbfb29a38897e6a5b401117fb07f26bdb0c5df3fe7ecd1aa4fd8543d99a44790,2026-04-02 08:11:22.781887,971,971,0
679,cdrsupload_20260320_070001.csv,f4880c7d5ceb7cbd67c1543cb8bea959833db180ef92c3e3333730a588aa1131,2026-04-02 08:11:23.283561,949,949,0
680,cdrsupload_20260321_070001.csv,2f5d37bfafe3c8ebcff8befc94c659f5b9a14f63438db2af68187df530f74f99,2026-04-02 08:11:23.791598,914,914,0
681,cdrsupload_20260322_070001.csv,fdcc7012cb315ae89b89fe133742c8d53e46397e3beb259541279b8b082a6f59,2026-04-02 08:11:24.30156,148,148,0
682,cdrsupload_20260323_070002.csv,73b623aa12adf4d61f750450564fb3c1b3c3c18a22ad94ea886b7b6ef6588b5f,2026-04-02 08:11:24.792375,58,58,0
683,cdrsupload_20260324_070001.csv,de90faa926ad9a3e42ab59dd352da8c123ba7538560817b5bd02e6d446ee963b,2026-04-02 08:11:25.347668,961,961,0
684,cdrsupload_20260325_070001.csv,98993c7c877c922c817fc82952b88a1db892d331c2380bb30b9548268bb16377,2026-04-02 08:11:25.817433,1069,1069,0
685,cdrsupload_20260326_070001.csv,f9b5915abb79ed4023d4d42dd0fd01d70270a2648555a57931032c341e2da8ad,2026-04-02 08:11:26.287548,1055,1055,0
686,cdrsupload_20260327_070002.csv,23d1806960777d27293af0a4f4fd0a4775801ad32b94ecb550819c207a68b1b8,2026-04-02 08:11:26.877989,925,925,0
687,cdrsupload_20260328_070001.csv,7c99d2517e7a42693659082ad3a9175266d2da9ff4224835041ff3cf0a8f1efe,2026-04-02 08:11:27.397317,876,876,0
688,cdrsupload_20260329_070001.csv,2bb2e71254f57f946edc2fb2b5a684a2bc7047bc06a97a58283a7fe0c3391d81,2026-04-02 08:11:27.904087,148,148,0
689,cdrsupload_20260330_070002.csv,2113911d2fb8091214857464960638d736406bda2b19724c33f5cc630b5a5c24,2026-04-02 08:11:28.403501,55,55,0
690,cdrsupload_20260331_070001.csv,8732704aed8425473b57e00ade1f6d95e35fb8d95e15549054be9323fd5dbe08,2026-04-02 08:11:28.912687,1048,1048,0
691,cdrsupload_20260401_070002.csv,96b58fd7d7df25d88fbaf3c1d8805099486b22bdeb7ddbd6008e325ece0686ef,2026-04-02 08:11:29.498394,1021,1021,0
693,xDR_ZaheZone_2024-01-01_00_00_00-2025-01-01_00_00_00UTC_11.csv,92bd8cc35dd4521ba7b022e0df0178b2f7d3d5b78542182b24132f35bc52c87d,2026-04-02 08:11:38.61578,0,0,0
694,xDR_ZaheZone_2025-01-01_00_00_00-2025-07-01_00_00_00UTC_11.csv,03e659daafd10e468fae474fb5c8ec817f34843c76ad95389e183ddde3aa8916,2026-04-02 08:18:38.994293,0,0,0
697,xDR_ZaheZone_2025-07-01_00_00_00-2026-01-01_00_00_00UTC_11.csv,1f6668dd791bf913f9fbb62b208611aa04fe46bde493b47a29436e99ad269b77,2026-04-02 08:26:32.858758,96605,96604,1
698,xDR_ZaheZone_2026-01-01_00_00_00-2026-04-02_12_31_29UTC_11.csv,eb9c2f0790deeb93b1b3f1493a311ad46b0a1a97a43420e15637597c93021d79,2026-04-02 08:26:37.767977,61103,61102,1
4439,cdrsupload_20260403_070001.csv,f5be28673d7ca0164ecf9ca2d3aa5c47fea76fdcb59ae2c42d2cfc5b7d814c9d,2026-04-02 21:03:21.171236,914,914,0
6756,cdrsupload_20260405_070001.csv,02df6a27f6c59e713f6d0b660ef5ca124aced04c0bf92dc27ecedaa543e42fe9,2026-04-05 04:36:51.257582,94,94,0
6757,cdrsupload_20260406_070001.csv,eeb95d69c7580cfdc961ffd44a4cbde89d778c8258c5326ed2b06e27e32b1e35,2026-04-05 22:00:05.691995,56,56,0
6758,cdrsupload_20260407_070001.csv,e1b45c1a164fd0dce5d46ca4524d68563e8241832b6a02386d022fda656473da,2026-04-06 22:00:04.065564,75,75,0
6759,cdrsupload_20260408_070001.csv,d30220e4f45efa05a4c32984db057965a1ebb816fb1ae5a5f26cd8d7af533c2c,2026-04-07 22:00:11.842162,1197,1197,0
6760,cdrsupload_20260409_070002.csv,a9b1a69e22c9e4f95b7e2d1cecad2f55e0cd2893d40a257100fa88b5c91203b1,2026-04-08 22:00:04.89287,1010,1010,0
6761,cdrsupload_20260410_070002.csv,443e1032a1e771c4a64f098b5c3a4e8a2e8f83718c7dc47e4d59343787b58efb,2026-04-09 22:00:01.839537,996,996,0
