table_schema,table_name,ordinal_position,column_name,data_type,is_nullable,column_default
admin,v_customers,1,halo_customer_id,bigint,YES,
admin,v_customers,2,display_name,text,YES,
admin,v_customers,3,pbx_count,bigint,YES,
admin,v_customers,4,trunk_count,bigint,YES,
admin,v_customers_all,1,halo_customer_id,bigint,YES,
admin,v_customers_all,2,halo_billing_id,bigint,YES,
admin,v_customers_all,3,customer_slug,text,YES,
admin,v_customers_all,4,display_name,text,YES,
admin,v_customers_all,5,status,text,YES,
admin,v_customers_all,6,total_services,bigint,YES,
admin,v_customers_all,7,lifecycle_state,text,YES,
admin,v_pbx,1,module_id,uuid,YES,
admin,v_pbx,2,customer_name,text,YES,
admin,v_pbx,3,pbx_fqdn,text,YES,
admin,v_pbx,4,enabled,boolean,YES,
admin,v_trunks,1,module_id,uuid,YES,
admin,v_trunks,2,customer_name,text,YES,
admin,v_trunks,3,trunk_id,text,YES,
admin,v_trunks,4,provider,text,YES,
admin,v_trunks,5,concurrency_cap,integer,YES,
admin,v_trunks,6,monitoring_enabled,boolean,YES,
admin,v_trunks,7,enabled,boolean,YES,
manage_cfg,customer_halo_map,1,customer_slug,text,NO,
manage_cfg,customer_halo_map,2,halo_customer_id,bigint,YES,
manage_cfg,customer_halo_map,3,customer_name,text,YES,
manage_cfg,customer_halo_map,4,updated_at,timestamp with time zone,NO,now()
manage_cfg,customers,1,halo_customer_id,bigint,NO,
manage_cfg,customers,2,customer_slug,text,NO,
manage_cfg,customers,3,display_name,text,NO,
manage_cfg,customers,4,status,text,NO,'active'::text
manage_cfg,customers,5,billing_ref,text,YES,
manage_cfg,customers,6,notes,text,YES,
manage_cfg,customers,7,created_by,text,NO,
manage_cfg,customers,8,created_at,timestamp with time zone,NO,now()
manage_cfg,customers,9,updated_by,text,NO,
manage_cfg,customers,10,updated_at,timestamp with time zone,NO,now()
manage_cfg,customers,11,halo_billing_id,bigint,YES,
manage_cfg,modules,1,module_id,uuid,NO,gen_random_uuid()
manage_cfg,modules,2,halo_customer_id,bigint,NO,
manage_cfg,modules,3,module_type,text,NO,
manage_cfg,modules,4,external_key,text,NO,
manage_cfg,modules,5,enabled,boolean,NO,true
manage_cfg,modules,6,config_version,bigint,NO,1
manage_cfg,modules,7,created_by,text,NO,
manage_cfg,modules,8,created_at,timestamp with time zone,NO,now()
manage_cfg,modules,9,updated_by,text,NO,
manage_cfg,modules,10,updated_at,timestamp with time zone,NO,now()
manage_cfg,pbx_customer_map,1,pbx_fqdn,text,NO,
manage_cfg,pbx_customer_map,2,customer_slug,text,NO,
manage_cfg,pbx_customer_map,3,updated_by,text,NO,
manage_cfg,pbx_customer_map,4,updated_at,timestamp with time zone,NO,now()
manage_cfg,pbx_modules,1,module_id,uuid,NO,
manage_cfg,pbx_modules,2,pbx_fqdn,text,NO,
manage_cfg,pbx_modules,3,management_url,text,YES,
manage_cfg,pbx_modules,4,auth_method,text,NO,'basic'::text
manage_cfg,pbx_modules,5,credentials_ref,text,YES,
manage_cfg,pbx_modules,6,verify_tls,boolean,NO,true
manage_cfg,pbx_modules,7,polling_enabled,boolean,NO,true
manage_cfg,pbx_modules,8,poll_interval_seconds,integer,YES,
manage_cfg,pbx_modules,9,notes,text,YES,
manage_cfg,trunk_import_stage,1,trunk_id,text,NO,
manage_cfg,trunk_import_stage,2,concurrency_cap,integer,YES,
manage_cfg,trunk_import_stage,3,halo_billing_id,bigint,YES,
manage_cfg,trunk_modules,1,module_id,uuid,NO,
manage_cfg,trunk_modules,2,trunk_id,text,NO,
manage_cfg,trunk_modules,3,provider,text,YES,
manage_cfg,trunk_modules,4,credentials_ref,text,YES,
manage_cfg,trunk_modules,5,pbx_module_id,uuid,YES,
manage_cfg,trunk_modules,6,monitoring_enabled,boolean,NO,true
manage_cfg,trunk_modules,7,concurrency_cap,integer,YES,
manage_cfg,trunk_modules,8,notes,text,YES,
manage_cfg,trunks_import_stage,1,trunk_id,text,NO,
manage_cfg,trunks_import_stage,2,company_name,text,YES,
manage_cfg,trunks_import_stage,3,concurrency_cap,integer,YES,
manage_cfg,trunks_import_stage,4,halo_id,bigint,YES,
public,active_calls_10m,1,pbx_id,bigint,NO,
public,active_calls_10m,2,bucket_ts,timestamp with time zone,NO,
public,active_calls_10m,3,samples,integer,NO,
public,active_calls_10m,4,value_max,double precision,YES,
public,active_calls_1d,1,pbx_id,bigint,NO,
public,active_calls_1d,2,bucket_ts,timestamp with time zone,NO,
public,active_calls_1d,3,samples,integer,NO,
public,active_calls_1d,4,value_max,double precision,YES,
public,active_calls_1h,1,pbx_id,bigint,NO,
public,active_calls_1h,2,bucket_ts,timestamp with time zone,NO,
public,active_calls_1h,3,samples,integer,NO,
public,active_calls_1h,4,value_max,double precision,YES,
public,active_calls_1m,1,pbx_id,bigint,NO,
public,active_calls_1m,2,bucket_ts,timestamp with time zone,NO,
public,active_calls_1m,3,samples,integer,NO,
public,active_calls_1m,4,value_max,double precision,YES,
public,active_calls_5m,1,pbx_id,bigint,NO,
public,active_calls_5m,2,bucket_ts,timestamp with time zone,NO,
public,active_calls_5m,3,samples,integer,NO,
public,active_calls_5m,4,value_max,double precision,YES,
public,alert_events,1,id,bigint,NO,nextval('alert_events_id_seq'::regclass)
public,alert_events,2,customer_slug,text,NO,
public,alert_events,3,pbx_id,bigint,NO,
public,alert_events,4,event_type,text,NO,
public,alert_events,5,severity,text,NO,'warning'::text
public,alert_events,6,triggered_at,timestamp with time zone,NO,now()
public,alert_events,7,payload,jsonb,YES,
public,alert_state,1,pbx_id,bigint,NO,
public,alert_state,2,state_key,text,NO,
public,alert_state,3,state_value,text,NO,
public,alert_state,4,last_sent_at,timestamp with time zone,YES,
public,alert_state,5,updated_at,timestamp with time zone,NO,now()
public,audit_number_allocation_rates_after_20260406,1,id,bigint,YES,
public,audit_number_allocation_rates_after_20260406,2,carrier_name,text,YES,
public,audit_number_allocation_rates_after_20260406,3,number_type,text,YES,
public,audit_number_allocation_rates_after_20260406,4,monthly_cost,numeric,YES,
public,audit_number_allocation_rates_after_20260406,5,currency,text,YES,
public,audit_number_allocation_rates_after_20260406,6,effective_from,date,YES,
public,audit_number_allocation_rates_after_20260406,7,effective_to,date,YES,
public,audit_number_allocation_rates_after_20260406,8,notes,text,YES,
public,audit_number_allocation_rates_after_20260406,9,created_at,timestamp with time zone,YES,
public,audit_number_allocation_rates_before_20260406,1,id,bigint,YES,
public,audit_number_allocation_rates_before_20260406,2,carrier_name,text,YES,
public,audit_number_allocation_rates_before_20260406,3,number_type,text,YES,
public,audit_number_allocation_rates_before_20260406,4,monthly_cost,numeric,YES,
public,audit_number_allocation_rates_before_20260406,5,currency,text,YES,
public,audit_number_allocation_rates_before_20260406,6,effective_from,date,YES,
public,audit_number_allocation_rates_before_20260406,7,effective_to,date,YES,
public,audit_number_allocation_rates_before_20260406,8,notes,text,YES,
public,audit_number_allocation_rates_before_20260406,9,created_at,timestamp with time zone,YES,
public,billing_customer_plan,1,customer_slug,text,NO,
public,billing_customer_plan,2,plan_code,text,NO,
public,billing_customer_plan,3,include_inbound_minutes,boolean,NO,true
public,billing_customer_plan,4,effective_from,date,NO,
public,billing_customer_plan,5,effective_to,date,YES,
public,billing_customer_plan,6,notes,text,YES,
public,billing_customer_plan,7,created_at,timestamp with time zone,NO,now()
public,billing_plan_catalog,1,plan_code,text,NO,
public,billing_plan_catalog,2,included_minutes,integer,NO,
public,billing_plan_catalog,3,monthly_fee_ex_gst,numeric,NO,0
public,billing_plan_catalog,4,overage_rate_per_minute,numeric,NO,0.10
public,billing_plan_catalog,5,outbound_1300_rate_per_call,numeric,NO,0.30
public,billing_plan_catalog,6,currency,text,NO,'AUD'::text
public,billing_plan_catalog,7,created_at,timestamp with time zone,NO,now()
public,call_cost_rates,1,id,bigint,NO,nextval('call_cost_rates_id_seq'::regclass)
public,call_cost_rates,2,carrier_name,text,NO,
public,call_cost_rates,3,trunk_name,text,NO,
public,call_cost_rates,4,call_type,text,NO,
public,call_cost_rates,5,billing_unit,text,NO,
public,call_cost_rates,6,rate_value,numeric,NO,
public,call_cost_rates,7,currency,text,NO,'AUD'::text
public,call_cost_rates,8,effective_from,date,NO,
public,call_cost_rates,9,effective_to,date,YES,
public,call_cost_rates,10,notes,text,YES,
public,call_cost_rates,11,created_at,timestamp with time zone,NO,now()
public,call_volume_records,1,id,bigint,NO,nextval('call_volume_records_id_seq'::regclass)
public,call_volume_records,2,customer_slug,text,NO,'unmapped'::text
public,call_volume_records,3,customer_name,text,NO,'Unmapped'::text
public,call_volume_records,4,account_id,text,NO,
public,call_volume_records,5,direction,text,NO,
public,call_volume_records,6,call_type,text,NO,
public,call_volume_records,7,connect_ts,timestamp with time zone,NO,
public,call_volume_records,8,disconnect_ts,timestamp with time zone,NO,
public,call_volume_records,9,call_date,date,NO,
public,call_volume_records,10,call_length_sec,integer,NO,
public,call_volume_records,11,source_file,text,NO,''::text
public,call_volume_records,12,source_row,integer,NO,0
public,call_volume_records,13,record_hash,text,NO,
public,call_volume_records_stage,1,customer_slug,text,YES,
public,call_volume_records_stage,2,customer_name,text,YES,
public,call_volume_records_stage,3,account_id,text,YES,
public,call_volume_records_stage,4,direction,text,YES,
public,call_volume_records_stage,5,call_type,text,YES,
public,call_volume_records_stage,6,connect_ts,timestamp with time zone,YES,
public,call_volume_records_stage,7,disconnect_ts,timestamp with time zone,YES,
public,call_volume_records_stage,8,call_date,date,YES,
public,call_volume_records_stage,9,call_length_sec,integer,YES,
public,call_volume_records_stage,10,source_file,text,YES,
public,call_volume_records_stage,11,source_row,integer,YES,
public,call_volume_records_stage,12,record_hash,text,YES,
public,collector_3cx_session_probe,1,id,bigint,NO,nextval('collector_3cx_session_probe_id_seq'::regclass)
public,collector_3cx_session_probe,2,ts,timestamp with time zone,NO,now()
public,collector_3cx_session_probe,3,pbx_name,text,YES,
public,collector_3cx_session_probe,4,login_ok,boolean,YES,
public,collector_3cx_session_probe,5,api_status,integer,YES,
public,collector_3cx_session_probe,6,response_ms,integer,YES,
public,collector_3cx_session_probe,7,error,text,YES,
public,collector_api_probe,1,id,bigint,NO,nextval('collector_api_probe_id_seq'::regclass)
public,collector_api_probe,2,ts,timestamp with time zone,NO,now()
public,collector_api_probe,3,pbx_name,text,NO,
public,collector_api_probe,4,url,text,NO,
public,collector_api_probe,5,http_status,integer,YES,
public,collector_api_probe,6,response_ms,integer,YES,
public,collector_api_probe,7,error,text,YES,
public,collector_heartbeat,1,id,bigint,NO,nextval('collector_heartbeat_id_seq'::regclass)
public,collector_heartbeat,2,ts,timestamp with time zone,NO,now()
public,collector_heartbeat,3,pbx_name,text,NO,
public,collector_heartbeat,4,message,text,NO,
public,costing_trunk_exclusions,1,trunk_name,text,NO,
public,costing_trunk_exclusions,2,exclude_from,date,NO,
public,costing_trunk_exclusions,3,exclude_to,date,YES,
public,costing_trunk_exclusions,4,reason,text,NO,
public,costing_trunk_exclusions,5,created_at,timestamp with time zone,NO,now()
public,customers,1,customer_slug,text,NO,
public,customers,2,display_name,text,NO,
public,customers,3,billing_ref,text,YES,
public,customers,4,status,text,NO,'active'::text
public,customers,5,created_ts,timestamp with time zone,NO,now()
public,customers,6,updated_ts,timestamp with time zone,NO,now()
public,customers,7,notes,text,YES,
public,manage_audit_log,1,audit_id,uuid,NO,gen_random_uuid()
public,manage_audit_log,2,actor_email,text,NO,
public,manage_audit_log,3,action,text,NO,
public,manage_audit_log,4,entity_type,text,NO,
public,manage_audit_log,5,entity_id,text,YES,
public,manage_audit_log,6,details,jsonb,YES,
public,manage_audit_log,7,created_at,timestamp with time zone,NO,now()
public,manage_customers,1,customer_slug,text,NO,
public,manage_customers,2,notes,text,YES,
public,manage_customers,3,created_by,text,NO,
public,manage_customers,4,created_at,timestamp with time zone,NO,now()
public,manage_pbxs,1,pbx_id,uuid,NO,gen_random_uuid()
public,manage_pbxs,2,customer_slug,text,NO,
public,manage_pbxs,3,pbx_system_id,uuid,YES,
public,manage_pbxs,4,name,text,NO,
public,manage_pbxs,5,type,text,NO,'3CX'::text
public,manage_pbxs,6,management_url,text,NO,
public,manage_pbxs,7,auth_method,text,NO,
public,manage_pbxs,8,collector_id,text,YES,
public,manage_pbxs,9,maintenance_mode,boolean,NO,false
public,manage_pbxs,10,status,text,NO,
public,manage_pbxs,11,created_at,timestamp with time zone,NO,now()
public,manage_trunks,1,trunk_id,uuid,NO,gen_random_uuid()
public,manage_trunks,2,customer_slug,text,NO,
public,manage_trunks,3,trunk_fk,uuid,YES,
public,manage_trunks,4,provider,text,NO,
public,manage_trunks,5,concurrency_limit,integer,YES,
public,manage_trunks,6,obsolete_flag,boolean,NO,false
public,manage_trunks,7,notes,text,YES,
public,manage_trunks,8,created_at,timestamp with time zone,NO,now()
public,manage_users,1,user_id,uuid,NO,gen_random_uuid()
public,manage_users,2,email,text,NO,
public,manage_users,3,role,text,NO,
public,manage_users,4,created_at,timestamp with time zone,NO,now()
public,metric_points,1,pbx_id,bigint,NO,
public,metric_points,2,metric_name,text,NO,
public,metric_points,3,ts,timestamp with time zone,NO,
public,metric_points,4,value_num,numeric,YES,
public,metric_points,5,value_json,jsonb,YES,
public,number_allocation_rates,1,id,bigint,NO,nextval('number_allocation_rates_id_seq'::regclass)
public,number_allocation_rates,2,carrier_name,text,NO,
public,number_allocation_rates,3,number_type,text,NO,
public,number_allocation_rates,4,monthly_cost,numeric,NO,
public,number_allocation_rates,5,currency,text,NO,'AUD'::text
public,number_allocation_rates,6,effective_from,date,NO,
public,number_allocation_rates,7,effective_to,date,YES,
public,number_allocation_rates,8,notes,text,YES,
public,number_allocation_rates,9,created_at,timestamp with time zone,NO,now()
public,number_allocations,1,id,bigint,NO,nextval('number_allocations_id_seq'::regclass)
public,number_allocations,2,carrier_name,text,NO,
public,number_allocations,3,number_type,text,NO,
public,number_allocations,4,quantity,integer,NO,
public,number_allocations,5,effective_from,date,NO,
public,number_allocations,6,effective_to,date,YES,
public,number_allocations,7,notes,text,YES,
public,number_allocations,8,created_at,timestamp with time zone,NO,now()
public,number_allocations,9,account_id,text,YES,
public,outbound_call_duration_daily,1,call_date,date,NO,
public,outbound_call_duration_daily,2,customer_slug,text,NO,
public,outbound_call_duration_daily,3,account_id,text,NO,
public,outbound_call_duration_daily,4,call_type,text,NO,
public,outbound_call_duration_daily,5,total_duration_sec,bigint,NO,
public,outbound_call_duration_daily,6,call_count,bigint,NO,
public,outbound_call_duration_daily,7,last_updated,timestamp with time zone,NO,now()
public,outbound_call_duration_monthly,1,month_start,date,NO,
public,outbound_call_duration_monthly,2,customer_slug,text,NO,
public,outbound_call_duration_monthly,3,account_id,text,NO,
public,outbound_call_duration_monthly,4,call_type,text,NO,
public,outbound_call_duration_monthly,5,total_duration_sec,bigint,NO,
public,outbound_call_duration_monthly,6,call_count,bigint,NO,
public,outbound_call_duration_monthly,7,is_closed,boolean,NO,false
public,outbound_call_duration_monthly,8,closed_at,timestamp with time zone,YES,
public,outbound_call_duration_monthly,9,last_updated,timestamp with time zone,NO,now()
public,outbound_total_cost_monthly,1,month_start,date,NO,
public,outbound_total_cost_monthly,2,account_id,text,NO,
public,outbound_total_cost_monthly,3,usage_cost_aud,numeric,NO,0
public,outbound_total_cost_monthly,4,concurrency_cost_aud,numeric,NO,0
public,outbound_total_cost_monthly,5,number_rental_cost_aud,numeric,NO,0
public,outbound_total_cost_monthly,6,total_cost_aud,numeric,NO,0
public,outbound_total_cost_monthly,7,last_updated,timestamp with time zone,NO,now()
public,pbx_audit_log,1,id,bigint,NO,nextval('pbx_audit_log_id_seq'::regclass)
public,pbx_audit_log,2,pbx_id,integer,NO,
public,pbx_audit_log,3,actor,text,NO,
public,pbx_audit_log,4,action,text,NO,
public,pbx_audit_log,5,details,jsonb,YES,
public,pbx_audit_log,6,occurred_at,timestamp with time zone,NO,now()
public,pbx_instances,1,id,bigint,NO,nextval('pbx_instances_id_seq'::regclass)
public,pbx_instances,2,customer_slug,text,NO,
public,pbx_instances,3,name,text,NO,
public,pbx_instances,4,base_url,text,NO,
public,pbx_instances,5,enabled,boolean,NO,true
public,pbx_instances,6,created_at,timestamp with time zone,NO,now()
public,pbx_maintenance_windows,1,id,bigint,NO,nextval('pbx_maintenance_windows_id_seq'::regclass)
public,pbx_maintenance_windows,2,pbx_id,bigint,NO,
public,pbx_maintenance_windows,3,start_ts,timestamp with time zone,NO,
public,pbx_maintenance_windows,4,end_ts,timestamp with time zone,NO,
public,pbx_maintenance_windows,5,reason,text,YES,
public,pbx_maintenance_windows,6,created_by,text,YES,
public,pbx_maintenance_windows,7,created_at,timestamp with time zone,NO,now()
public,pbx_metric_latest,1,pbx_id,bigint,NO,
public,pbx_metric_latest,2,metric_name,text,NO,
public,pbx_metric_latest,3,ts,timestamp with time zone,NO,
public,pbx_metric_latest,4,value_num,double precision,YES,
public,pbx_metric_latest,5,value_json,jsonb,YES,
public,pbx_poll_targets,1,id,integer,YES,
public,pbx_poll_targets,2,display_name,text,YES,
public,pbx_poll_targets,3,customer_name,text,YES,
public,pbx_poll_targets,4,environment,text,YES,
public,pbx_poll_targets,5,enabled,boolean,YES,
public,pbx_poll_targets,6,maintenance_mode,boolean,YES,
public,pbx_poll_targets,7,maintenance_reason,text,YES,
public,pbx_poll_targets,8,maintenance_until,timestamp with time zone,YES,
public,pbx_poll_targets,9,maintenance_window_id,bigint,YES,
public,pbx_poll_targets,10,pbx_fqdn,text,YES,
public,pbx_poll_targets,11,api_base_url,text,YES,
public,pbx_poll_targets,12,timezone,text,YES,
public,pbx_poll_targets,13,poll_interval_seconds,integer,YES,
public,pbx_poll_targets,14,secrets_ref,text,YES,
public,pbx_poll_targets,15,created_at,timestamp with time zone,YES,
public,pbx_poll_targets,16,updated_at,timestamp with time zone,YES,
public,pbx_status_events,1,id,bigint,NO,nextval('pbx_status_events_id_seq'::regclass)
public,pbx_status_events,2,pbx_id,bigint,NO,
public,pbx_status_events,3,ts,timestamp with time zone,NO,
public,pbx_status_events,4,status,text,NO,
public,pbx_status_events,5,is_heartbeat,boolean,NO,false
public,pbx_status_events,6,error,jsonb,YES,
public,pbx_status_latest,1,pbx_id,bigint,NO,
public,pbx_status_latest,2,status,text,NO,
public,pbx_status_latest,3,last_seen_ts,timestamp with time zone,NO,
public,pbx_status_latest,4,last_change_ts,timestamp with time zone,NO,
public,pbx_status_latest,5,last_error,jsonb,YES,
public,pbx_system_flags,1,pbx_id,integer,NO,
public,pbx_system_flags,2,is_multicompany,boolean,NO,
public,pbx_system_flags,3,last_checked_utc,timestamp with time zone,NO,now()
public,pbx_systems,1,id,integer,NO,
public,pbx_systems,2,display_name,text,NO,''::text
public,pbx_systems,3,customer_name,text,YES,
public,pbx_systems,4,environment,text,YES,
public,pbx_systems,5,enabled,boolean,NO,true
public,pbx_systems,6,maintenance_mode,boolean,NO,false
public,pbx_systems,7,maintenance_reason,text,YES,
public,pbx_systems,8,maintenance_until,timestamp with time zone,YES,
public,pbx_systems,9,maintenance_window_id,bigint,YES,
public,pbx_systems,10,pbx_fqdn,text,YES,
public,pbx_systems,11,api_base_url,text,YES,
public,pbx_systems,12,timezone,text,YES,
public,pbx_systems,13,poll_interval_seconds,integer,YES,
public,pbx_systems,14,secrets_ref,text,YES,
public,pbx_systems,15,created_at,timestamp with time zone,NO,now()
public,pbx_systems,16,updated_at,timestamp with time zone,NO,now()
public,pbx_systems,17,is_multi_tenant,boolean,NO,false
public,pbx_systems,18,customer_slug,text,YES,
public,pbx_uptime_monthly,1,pbx_id,bigint,NO,
public,pbx_uptime_monthly,2,month_start,date,NO,
public,pbx_uptime_monthly,3,observed_seconds,bigint,NO,
public,pbx_uptime_monthly,4,up_seconds_raw,bigint,NO,
public,pbx_uptime_monthly,5,down_seconds_raw,bigint,NO,
public,pbx_uptime_monthly,6,unknown_seconds,bigint,NO,
public,pbx_uptime_monthly,7,maint_overlap_seconds,bigint,NO,
public,pbx_uptime_monthly,8,down_seconds_sla,bigint,NO,
public,pbx_uptime_monthly,9,uptime_pct_raw,numeric,NO,
public,pbx_uptime_monthly,10,uptime_pct_sla,numeric,NO,
public,pbx_uptime_monthly,11,computed_at,timestamp with time zone,NO,now()
public,rollup_state,1,name,text,NO,
public,rollup_state,2,last_rolled_ts,timestamp with time zone,NO,'1970-01-01 00:00:00+00'::timestamp with time zone
public,stg_breeze_numbers,1,account_id,text,YES,
public,stg_breeze_numbers,2,did,text,YES,
public,system_metadata,1,key,text,NO,
public,system_metadata,2,value,text,YES,
public,system_metadata,3,created_at,timestamp without time zone,YES,now()
public,trunk_concurrency_allocations,1,id,bigint,NO,nextval('trunk_concurrency_allocations_id_seq'::regclass)
public,trunk_concurrency_allocations,2,carrier_name,text,NO,
public,trunk_concurrency_allocations,3,trunk_name,text,NO,
public,trunk_concurrency_allocations,4,concurrent_calls,integer,NO,
public,trunk_concurrency_allocations,5,effective_from,date,NO,
public,trunk_concurrency_allocations,6,effective_to,date,YES,
public,trunk_concurrency_allocations,7,notes,text,YES,
public,trunk_concurrency_allocations,8,created_at,timestamp with time zone,NO,now()
public,trunk_concurrency_rates,1,id,bigint,NO,nextval('trunk_concurrency_rates_id_seq'::regclass)
public,trunk_concurrency_rates,2,carrier_name,text,NO,
public,trunk_concurrency_rates,3,trunk_name,text,NO,
public,trunk_concurrency_rates,4,cost_per_channel,numeric,NO,
public,trunk_concurrency_rates,5,currency,text,NO,'AUD'::text
public,trunk_concurrency_rates,6,effective_from,date,NO,
public,trunk_concurrency_rates,7,effective_to,date,YES,
public,trunk_concurrency_rates,8,notes,text,YES,
public,trunk_concurrency_rates,9,created_at,timestamp with time zone,NO,now()
public,trunks,1,trunk_id,text,NO,
public,trunks,2,customer_slug,text,NO,
public,trunks,3,pbx_id,integer,NO,
public,trunks,4,trunk_type,text,NO,
public,trunks,5,status,text,NO,'active'::text
public,trunks,6,concurrency_cap,integer,YES,
public,trunks,7,notes,text,YES,
public,trunks,8,created_ts,timestamp with time zone,NO,now()
public,trunks,9,updated_ts,timestamp with time zone,NO,now()
public,v_admin_pbx_overview,1,pbx_id,integer,YES,
public,v_admin_pbx_overview,2,display_name,text,YES,
public,v_admin_pbx_overview,3,base_url,text,YES,
public,v_admin_pbx_overview,4,enabled,boolean,YES,
public,v_admin_pbx_overview,5,maintenance_mode,boolean,YES,
public,v_admin_pbx_overview,6,maintenance_until,timestamp with time zone,YES,
public,v_admin_pbx_overview,7,maintenance_reason,text,YES,
public,v_admin_pbx_overview,8,is_multi_tenant,boolean,YES,
public,v_admin_pbx_overview,9,last_polled,timestamp with time zone,YES,
public,v_admin_pbx_overview,10,health_label,text,YES,
public,v_billing_calls_classified,1,id,bigint,YES,
public,v_billing_calls_classified,2,customer_slug,text,YES,
public,v_billing_calls_classified,3,customer_name,text,YES,
public,v_billing_calls_classified,4,account_id,text,YES,
public,v_billing_calls_classified,5,direction,text,YES,
public,v_billing_calls_classified,6,call_type,text,YES,
public,v_billing_calls_classified,7,connect_ts,timestamp with time zone,YES,
public,v_billing_calls_classified,8,disconnect_ts,timestamp with time zone,YES,
public,v_billing_calls_classified,9,call_date,date,YES,
public,v_billing_calls_classified,10,call_length_sec,integer,YES,
public,v_billing_calls_classified,11,source_file,text,YES,
public,v_billing_calls_classified,12,source_row,integer,YES,
public,v_billing_calls_classified,13,record_hash,text,YES,
public,v_billing_calls_classified,14,billing_bucket,text,YES,
public,v_billing_calls_classified,15,is_outbound,boolean,YES,
public,v_billing_calls_classified,16,is_inbound,boolean,YES,
public,v_billing_calls_deduped,1,id,bigint,YES,
public,v_billing_calls_deduped,2,customer_slug,text,YES,
public,v_billing_calls_deduped,3,customer_name,text,YES,
public,v_billing_calls_deduped,4,account_id,text,YES,
public,v_billing_calls_deduped,5,direction,text,YES,
public,v_billing_calls_deduped,6,call_type,text,YES,
public,v_billing_calls_deduped,7,connect_ts,timestamp with time zone,YES,
public,v_billing_calls_deduped,8,disconnect_ts,timestamp with time zone,YES,
public,v_billing_calls_deduped,9,call_date,date,YES,
public,v_billing_calls_deduped,10,call_length_sec,integer,YES,
public,v_billing_calls_deduped,11,source_file,text,YES,
public,v_billing_calls_deduped,12,source_row,integer,YES,
public,v_billing_calls_deduped,13,record_hash,text,YES,
public,v_billing_calls_deduped,14,rn,bigint,YES,
public,v_billing_customer_plan_active,1,customer_slug,text,YES,
public,v_billing_customer_plan_active,2,plan_code,text,YES,
public,v_billing_customer_plan_active,3,include_inbound_minutes,boolean,YES,
public,v_billing_customer_plan_active,4,effective_from,date,YES,
public,v_billing_customer_plan_active,5,effective_to,date,YES,
public,v_billing_customer_plan_active,6,included_minutes,integer,YES,
public,v_billing_customer_plan_active,7,monthly_fee_ex_gst,numeric,YES,
public,v_billing_customer_plan_active,8,overage_rate_per_minute,numeric,YES,
public,v_billing_customer_plan_active,9,outbound_1300_rate_per_call,numeric,YES,
public,v_billing_customer_plan_active,10,currency,text,YES,
public,v_billing_monthly_invoice_lines,1,customer_slug,text,YES,
public,v_billing_monthly_invoice_lines,2,billing_month,date,YES,
public,v_billing_monthly_invoice_lines,3,plan_code,text,YES,
public,v_billing_monthly_invoice_lines,4,currency,text,YES,
public,v_billing_monthly_invoice_lines,5,included_minutes,integer,YES,
public,v_billing_monthly_invoice_lines,6,total_minutes_used,bigint,YES,
public,v_billing_monthly_invoice_lines,7,allowance_status,text,YES,
public,v_billing_monthly_invoice_lines,8,overage_minutes,bigint,YES,
public,v_billing_monthly_invoice_lines,9,overage_charge_ex_gst,numeric,YES,
public,v_billing_monthly_invoice_lines,10,outbound_1300_calls,bigint,YES,
public,v_billing_monthly_invoice_lines,11,outbound_1300_charge_ex_gst,numeric,YES,
public,v_billing_monthly_invoice_lines,12,total_charge_ex_gst,numeric,YES,
public,v_billing_monthly_usage,1,customer_slug,text,YES,
public,v_billing_monthly_usage,2,billing_month,date,YES,
public,v_billing_monthly_usage,3,outbound_domestic_seconds,bigint,YES,
public,v_billing_monthly_usage,4,inbound_seconds,bigint,YES,
public,v_billing_monthly_usage,5,outbound_1300_calls,bigint,YES,
public,v_billing_monthly_usage,6,total_eligible_seconds,bigint,YES,
public,v_billing_monthly_usage,7,total_minutes_used,bigint,YES,
public,v_concurrency_calls_canonical,1,id,bigint,YES,
public,v_concurrency_calls_canonical,2,customer_slug,text,YES,
public,v_concurrency_calls_canonical,3,account_id,text,YES,
public,v_concurrency_calls_canonical,4,direction,text,YES,
public,v_concurrency_calls_canonical,5,call_type,text,YES,
public,v_concurrency_calls_canonical,6,connect_ts,timestamp with time zone,YES,
public,v_concurrency_calls_canonical,7,disconnect_ts,timestamp with time zone,YES,
public,v_concurrency_outbound_domestic,1,id,bigint,YES,
public,v_concurrency_outbound_domestic,2,customer_slug,text,YES,
public,v_concurrency_outbound_domestic,3,account_id,text,YES,
public,v_concurrency_outbound_domestic,4,connect_ts,timestamp with time zone,YES,
public,v_concurrency_outbound_domestic,5,disconnect_ts,timestamp with time zone,YES,
public,v_concurrency_outbound_domestic,6,call_length_sec,integer,YES,
public,v_concurrency_outbound_domestic,7,call_type,text,YES,
public,v_manage_cfg_customers,1,customer_slug,text,YES,
public,v_manage_cfg_customers,2,display_name,text,YES,
public,v_manage_cfg_customers,3,status,text,YES,
public,v_manage_cfg_pbx,1,customer_slug,text,YES,
public,v_manage_cfg_pbx,2,customer_name,text,YES,
public,v_manage_cfg_pbx,3,pbx_fqdn,text,YES,
public,v_manage_cfg_pbx,4,enabled,boolean,YES,
public,v_manage_cfg_pbx,5,config_version,bigint,YES,
public,v_manage_cfg_pbx,6,management_url,text,YES,
public,v_manage_cfg_pbx,7,credentials_ref,text,YES,
public,v_manage_cfg_pbx,8,verify_tls,boolean,YES,
public,v_manage_cfg_pbx,9,polling_enabled,boolean,YES,
public,v_manage_cfg_pbx,10,poll_interval_seconds,integer,YES,
public,v_manage_cfg_trunk,1,customer_slug,text,YES,
public,v_manage_cfg_trunk,2,customer_name,text,YES,
public,v_manage_cfg_trunk,3,trunk_id,text,YES,
public,v_manage_cfg_trunk,4,enabled,boolean,YES,
public,v_manage_cfg_trunk,5,config_version,bigint,YES,
public,v_manage_cfg_trunk,6,provider,text,YES,
public,v_manage_cfg_trunk,7,credentials_ref,text,YES,
public,v_manage_cfg_trunk,8,pbx_module_id,uuid,YES,
public,v_manage_cfg_trunk,9,monitoring_enabled,boolean,YES,
public,v_manage_cfg_trunk,10,concurrency_cap,integer,YES,
public,v_pbx_current_status,1,pbx_id,bigint,YES,
public,v_pbx_current_status,2,customer_slug,text,YES,
public,v_pbx_current_status,3,name,text,YES,
public,v_pbx_current_status,4,base_url,text,YES,
public,v_pbx_current_status,5,status,text,YES,
public,v_pbx_current_status,6,last_seen_ts,timestamp with time zone,YES,
public,v_pbx_current_status,7,last_change_ts,timestamp with time zone,YES,
public,v_pbx_current_status,8,in_maintenance,boolean,YES,
public,v_pbx_multitenant_flag,1,pbx_id,integer,YES,
public,v_pbx_multitenant_flag,2,multitenant_label,text,YES,
public,v_uptime_current_month,1,pbx_id,bigint,YES,
public,v_uptime_current_month,2,month_start,date,YES,
public,v_uptime_current_month,3,uptime_pct_raw,numeric,YES,
public,v_uptime_current_month,4,uptime_pct_sla,numeric,YES,
public,v_uptime_current_month,5,observed_seconds,bigint,YES,
public,v_uptime_current_month,6,down_seconds_raw,bigint,YES,
public,v_uptime_current_month,7,maint_overlap_seconds,bigint,YES,
public,v_uptime_current_month,8,unknown_seconds,bigint,YES,
public,v_uptime_current_month,9,computed_at,timestamp with time zone,YES,
public,v_uptime_history_monthly,1,pbx_id,bigint,YES,
public,v_uptime_history_monthly,2,month_start,date,YES,
public,v_uptime_history_monthly,3,observed_seconds,bigint,YES,
public,v_uptime_history_monthly,4,up_seconds_raw,bigint,YES,
public,v_uptime_history_monthly,5,down_seconds_raw,bigint,YES,
public,v_uptime_history_monthly,6,unknown_seconds,bigint,YES,
public,v_uptime_history_monthly,7,maint_overlap_seconds,bigint,YES,
public,v_uptime_history_monthly,8,down_seconds_sla,bigint,YES,
public,v_uptime_history_monthly,9,uptime_pct_raw,numeric,YES,
public,v_uptime_history_monthly,10,uptime_pct_sla,numeric,YES,
public,v_uptime_history_monthly,11,computed_at,timestamp with time zone,YES,
public,v_uptime_history_monthly,12,customer_slug,text,YES,
public,v_uptime_history_monthly,13,name,text,YES,
